title,company,link,locations,min salary,max salary,verified,tags,time
WordPress Plugins & Themes developer,Melapress,https://remoteok.com/remote-jobs/remote-wordpress-plugins-themes-developer-melapress-1093690,"🇪🇺 Europe, 🇬🇧 United Kingdom, 🇹🇷 Turkey",20000.0,40000.0,True,"['DevOps', 'Wordpress', 'PHP', 'JavaScript', 'Full Time', 'Ecommerce', 'API', 'English']",1d
Software Engineer Data Infrastructure & Acquisition,Speechify,https://remoteok.com/remote-jobs/remote-software-engineer-data-infrastructure-acquisition-speechify-1093699,🌏 Worldwide,140000.0,200000.0,True,[],55m
Content Producer Technical Content Engineer Junior Dev,Private.Ki,https://remoteok.com/remote-jobs/remote-content-producer-technical-content-engineer-junior-dev-private-ki-1093677,🌏 Worldwide,20000.0,40000.0,False,"['Other', 'Writer', 'Writing', 'Marketing']",2d
Senior Full Stack Engineer,AMK Solutions,https://remoteok.com/remote-jobs/remote-senior-full-stack-engineer-amk-solutions-1093412,🌏 Worldwide,30000.0,40000.0,False,[],5d
Backend Developer @ lobstr.io Python Scraping Celery,lobstr.io,https://remoteok.com/remote-jobs/remote-backend-developer-lobstr-io-python-scraping-celery-lobstr-io-1093607,🌏 Worldwide,30000.0,40000.0,False,"['Python', 'Backend', 'Redis', 'Remote', 'API', 'Tech Lead', 'Docker', 'Cybersecurity', 'Architecture']",12d
Lead Data Engineer,Open Architects,https://remoteok.com/remote-jobs/remote-lead-data-engineer-open-architects-1093295,🇺🇸 United States,120000.0,140000.0,False,"['Engineer', 'DevOps', 'Python', 'Data', 'DataOps']",22d
Javascript Fullstack Engineer Senior,Lumenalta,https://remoteok.com/remote-jobs/remote-javascript-fullstack-engineer-senior-lumenalta-1092919,"🌏 Worldwide, 🇪🇺 Europe",50000.0,90000.0,False,"['Engineer', 'JavaScript']",16d
Application Engineer,LaunchBrightly,https://remoteok.com/remote-jobs/remote-application-engineer-launchbrightly-1093516,🌏 Worldwide,50000.0,60000.0,True,"['Engineer', 'JavaScript', 'Front End', 'API', 'GraphQL', 'Vue', 'Typescript', 'Dynamodb']",20d
Svelte Developer,Green Stuff World,https://remoteok.com/remote-jobs/remote-svelte-developer-green-stuff-world-1093508,🌏 Worldwide,30000.0,40000.0,False,"['JavaScript', 'Typescript', 'Svelte', 'Tailwind', 'Kotlin']",20d
Senior Python Backend Engineer,Orga AI,https://remoteok.com/remote-jobs/remote-senior-python-backend-engineer-orga-ai-1093458,🌏 Worldwide,40000.0,60000.0,False,"['Python', 'Senior', 'Backend', 'Ops', 'Startup', 'AWS']",27d
Senior Software Engineer,ModelVault,https://remoteok.com/remote-jobs/remote-senior-software-engineer-modelvault-1093504,🌏 Worldwide,60000.0,80000.0,True,"['Full Stack', 'Infra']",20d
Senior Backend Engineer,HockeyStack,https://remoteok.com/remote-jobs/remote-senior-backend-engineer-hockeystack-1093257,🌏 Worldwide,80000.0,100000.0,True,"['JavaScript', 'Backend', 'API', 'Engineer']",28d
Software Engineer,Jump,https://remoteok.com/remote-jobs/remote-software-engineer-jump-1093450,🌏 Worldwide,60000.0,140000.0,False,"['Engineer', 'Full Time', 'API']",28d
React Native Developer,Interviews Chat,https://remoteok.com/remote-jobs/remote-react-native-developer-interviews-chat-1093451,🌏 Worldwide,60000.0,120000.0,False,['React Native'],28d
Senior Fullstack Developer,Swipe Games,https://remoteok.com/remote-jobs/remote-senior-fullstack-developer-swipe-games-1093439,🌏 Worldwide,60000.0,90000.0,True,"['Front End', 'Backend', 'Full Stack', 'JavaScript', 'Node', 'React']",29d
Tech Cofounder CTO,Founders Factory,https://remoteok.com/remote-jobs/remote-tech-cofounder-cto-founders-factory-1093267,🇪🇺 Europe,60000.0,100000.0,True,"['Full Stack', 'API', 'Engineer', 'Senior', 'Mobile']",2mo
Senior React Native SDK Engineer,Nami ML,https://remoteok.com/remote-jobs/remote-senior-react-native-sdk-engineer-nami-ml-1093276,"🌏 Worldwide, 💰 $50k - $180k, ⏰ Contractor",,,False,"['JavaScript', 'React Native', 'Mobile', 'Typescript']",2mo
Spanish Speaking Software Support Engineer,Payara,https://remoteok.com/remote-jobs/remote-spanish-speaking-software-support-engineer-payara-1093246,"🌏 Worldwide, 💃 Latin America, 🇪🇸 Spain, 🇷🇴 Romania",10000.0,30000.0,True,"['Engineer', 'Java']",2mo
Administrative Executive,Prime Design & Build,https://remoteok.com/remote-jobs/remote-administrative-executive-prime-design-build-1092987,"💃 Latin America, 🌏 Worldwide",10000.0,50000.0,False,"['Sys Admin', 'Design', 'Executive', 'Admin', 'Virtual Assistant', 'Other', 'Non Tech']",3mo
Senior Software Engineer,Emergent Software,https://remoteok.com/remote-jobs/remote-senior-software-engineer-emergent-software-1092940,🌏 Probably worldwide,68000.0,100000.0,True,"['Software', 'Design', 'React', 'Front End', 'Training', 'Consulting', 'Technical', 'UX', 'Code', 'Web', 'Scrum', 'DevOps', 'JavaScript', 'Cloud', 'Microsoft', 'Mobile', 'Management', 'Lead', 'Senior', 'Healthcare', 'Engineer', 'Engineering', 'Backend']",3mo
Full Stack Developer,Incyte Studios,https://remoteok.com/remote-jobs/remote-full-stack-developer-incyte-studios-1086821,🇺🇸 United States,130000.0,170000.0,True,"['Engineer', 'Full Stack']",4mo
Senior PHP Laravel Developer Full Stack,Interaction Design Foundation,https://remoteok.com/remote-jobs/remote-senior-php-laravel-developer-full-stack-interaction-design-foundation-1084150,🌏 Worldwide,10000.0,750000.0,False,"['Full Stack', 'PHP', 'Laravel', 'Tailwind', 'Design']",4mo
spoke person,labs ai,https://remoteok.com/remote-jobs/remote-spoke-person-labs-ai-1087588,"🌏 Worldwide, 💰 $20k - $40k, ⏰ Part time",,,False,"['Marketing', 'Sales', 'Non Tech', 'Customer Support', 'Other']",4mo
Senior Data Engineer,Soda Data,https://remoteok.com/remote-jobs/remote-senior-data-engineer-soda-data-1087414,🇪🇺 Europe,90000.0,120000.0,False,"['Data', 'Data Engineer']",4mo
Sr Software Developer PHP MySQL,LendingWise,https://remoteok.com/remote-jobs/remote-sr-software-developer-php-mysql-lendingwise-1087580,🌏 Worldwide,30000.0,60000.0,True,"['Full Stack', 'PHP', 'SQL']",4mo
React Native Developer,Private.Ki,https://remoteok.com/remote-jobs/remote-react-native-developer-private-ki-1075396,🌏 Worldwide,50000.0,60000.0,False,"['React Native', 'Remote', 'Full Time', 'Senior']",5mo
Intermediate Angular Developer,Revelator,https://remoteok.com/remote-jobs/remote-intermediate-angular-developer-revelator-1058054,"🇪🇺 Europe, 🇿🇦 South Africa",60000.0,70000.0,True,"['Front End', 'JavaScript', 'Angular']",5mo
Senior Software Engineer Backend,Coinbase Developer Platform,https://remoteok.com/remote-jobs/remote-senior-software-engineer-backend-coinbase-developer-platform-1081525,🇺🇸 United States,63000.0,105000.0,False,"['Software', 'Crypto', 'Ethereum', 'System', 'Security', 'Developer', 'Growth', 'Code', 'Financial', 'Rails', 'Senior', 'Reliability', 'Engineer', 'Backend']",6mo
Developer,Stoneridge Software,https://remoteok.com/remote-jobs/remote-developer-stoneridge-software-1069448,"Minneapolis, MN",60000.0,80000.0,False,"['Developer', 'SaaS', 'Technical', 'Software', 'Test', 'Travel', 'Finance', 'Microsoft', 'Operations', 'Sales']",6mo
Full Stack Engineer,ResumeDive,https://remoteok.com/remote-jobs/remote-full-stack-engineer-resumedive-991115,🌏 Worldwide,60000.0,190000.0,False,"['JavaScript', 'Tailwind', 'React', 'Figma', 'Node']",7mo
Security & Risk Engineer US based,Buoy Software,https://remoteok.com/remote-jobs/remote-security-amp-risk-engineer-us-based-buoy-software-1067257,🌏 Worldwide,60000.0,103000.0,False,"['Security', 'Support', 'Software', 'Testing', 'Code', 'Manager', 'Financial', 'Mobile', 'Management', 'Operational', 'Health', 'Engineer', 'Engineering']",6mo
Full Stack React Engineer,Dock,https://remoteok.com/remote-jobs/remote-full-stack-react-engineer-dock-1059078,🇮🇳 India,60000.0,90000.0,True,"['JavaScript', 'React', 'GraphQL']",7mo
Front End lead developer,emmacare.com,https://remoteok.com/remote-jobs/remote-front-end-lead-developer-emmacare-com-1061740,🇪🇺 Europe,50000.0,70000.0,False,[],7mo
Backend Engineer,Flourish Software,https://remoteok.com/remote-jobs/remote-backend-engineer-flourish-software-1056411,🌏 Probably worldwide,63000.0,105000.0,False,"['Golang', 'Software', 'Engineer', 'Backend']",8mo
Wordpress Developer,BBE Marketing,https://remoteok.com/remote-jobs/remote-wordpress-developer-bbe-marketing-1036553,🌏 Worldwide,30000.0,60000.0,True,"['PHP', 'Wordpress', 'Elasticsearch']",8mo
Software Engineer Backend,BrowserStack Software Private Limited,https://remoteok.com/remote-jobs/remote-software-engineer-backend-browserstack-software-private-limited-998520,Mumbai,60000.0,100000.0,False,"['Software', 'Design', 'Technical', 'Support', 'Testing', 'Code', 'Quality Assurance', 'Cloud', 'Mobile', 'Engineer', 'Engineering', 'Linux', 'Backend']",9mo
Technical Support Engineer Developer,LimeSurvey,https://remoteok.com/remote-jobs/remote-technical-support-engineer-developer-limesurvey-925464,"🇪🇺 Europe, 🇬🇧 United Kingdom",40000.0,70000.0,True,"['PHP', 'Customer Support', 'Edu', 'Tech', 'Engineer', 'Remote']",10mo
Senior Back End Wizard,joi.studio,https://remoteok.com/remote-jobs/remote-senior-back-end-wizard-joi-studio-867839,"🌏 Worldwide, 💰 $20k - $80k, ⏰ Contractor",,,False,"['Engineer', 'JavaScript', 'Backend', 'Cloud', 'Full Stack', 'React', 'Full Time', 'API', 'DevOps', 'Python', 'Node', 'Amazon', 'Serverless', 'SQL', 'Mongo', 'Typescript']",11mo
Principal Software Engineer,Recast Software,https://remoteok.com/remote-jobs/remote-principal-software-engineer-recast-software-932425,🇺🇸 United States,60000.0,100000.0,False,"['Software', 'Design', 'SaaS', 'System', 'Technical', 'Support', 'Test', 'Code', 'Scrum', 'JavaScript', 'Cloud', 'Microsoft', 'Senior', 'Engineer', 'Engineering']",11mo
Product Marketing Manager,Recast Software,https://remoteok.com/remote-jobs/remote-product-marketing-manager-recast-software-932424,🇺🇸 United States,50000.0,100000.0,False,"['Manager', 'Security', 'Technical', 'Support', 'Software', 'Growth', 'Voice', 'Cloud', 'Content', 'Senior', 'Marketing', 'Sales']",11mo
Full stack Engineer PHP Symfony React MongoDB,i6,https://remoteok.com/remote-jobs/remote-full-stack-engineer-php-symfony-react-mongodb-i6-843213,🇪🇺 Europe,60000.0,100000.0,True,"['JavaScript', 'React', 'PHP', 'Mongo', 'Symfony']",11mo
Senior PHP Laravel Developer,IxDF - Interaction Design Foundation,https://remoteok.com/remote-jobs/remote-senior-php-laravel-developer-ixdf-interaction-design-foundation-840144,🌏 Worldwide,10000.0,750000.0,False,"['Backend', 'Front End', 'PHP', 'SQL', 'AWS']",11mo
Senior Backend Engineer,Center,https://remoteok.com/remote-jobs/remote-senior-backend-engineer-center-778049,🌏 Worldwide,140000.0,280000.0,True,"['Engineer', 'JavaScript', 'Backend', 'Typescript']",1yr
Senior Developer Grow My Clinic,Jane Software,https://remoteok.com/remote-jobs/remote-senior-developer-grow-my-clinic-jane-software-880008,🇨🇦 Canada,60000.0,105000.0,False,"['Developer', 'Amazon', 'Swift', 'Front End', 'Security', 'Full-Stack', 'Technical', 'Support', 'Software', 'Growth', 'Web', 'Voice', 'Manager', 'DevOps', 'Ruby', 'Management', 'Senior', 'Health', 'Healthcare', 'Backend']",12mo
Junior Software Test Specialist,Igloo Software,https://remoteok.com/remote-jobs/remote-junior-software-test-specialist-igloo-software-871617,🇨🇦 Canada,40000.0,80000.0,False,"['Software', 'Test', 'Training', 'Support', 'Testing', 'Quality Assurance', 'Investment', 'Management', 'Content', 'Junior', 'Health', 'Recruitment']",12mo
Staff Software Engineer Fullstack,Coinbase Developer Platform,https://remoteok.com/remote-jobs/remote-staff-software-engineer-fullstack-coinbase-developer-platform-858086,🇺🇸 United States,70000.0,100000.0,False,"['Software', 'Design', 'Web3', 'Solidity', 'Crypto', 'Ethereum', 'React', 'Front End', 'Security', 'Technical', 'Support', 'Developer', 'Growth', 'UI', 'Web', 'Financial', 'Ruby', 'API', 'Strategy', 'Management', 'Engineer', 'Engineering', 'Backend', 'Woocommerce', 'Fullstack']",1yr
Senior Software Engineer,Elluminates Software,https://remoteok.com/remote-jobs/remote-senior-software-engineer-elluminates-software-850899,🌏 Probably worldwide,65000.0,115000.0,False,"['Golang', 'Software', 'Senior', 'Engineer']",1yr
Senior Backend Developer,3MotionAI,https://remoteok.com/remote-jobs/remote-senior-backend-developer-3motionai-799328,"🇨🇦 Canada, 🇺🇸 United States, 🌏 Worldwide",80000.0,120000.0,True,"['Senior', 'ASP .NET', 'Golang']",1yr
Senior Staff Software Engineer Backend Python,Close,https://remoteok.com/remote-jobs/remote-senior-staff-software-engineer-backend-python-close-662302,🇺🇸 United States,140000.0,200000.0,True,"['Engineer', 'Senior', 'Backend', 'SaaS', 'Python', 'Travel', 'Startup', 'Product', 'Remote', 'Bootstrap']",1yr
Intermediate Frontend Platform Engineer,Jane Software,https://remoteok.com/remote-jobs/remote-intermediate-frontend-platform-engineer-jane-software-837354,🇨🇦 Canada,65000.0,110000.0,False,"['Front End', 'Design', 'Security', 'Technical', 'Support', 'Developer', 'Growth', 'Code', 'Voice', 'Manager', 'Typescript', 'Management', 'Senior', 'Reliability', 'Health', 'Healthcare', 'Engineer']",1yr
Junior Software Test Specialist,Igloo Software,https://remoteok.com/remote-jobs/remote-junior-software-test-specialist-igloo-software-799425,🌏 Worldwide,45000.0,80000.0,False,"['Software', 'Test', 'Training', 'Support', 'Testing', 'Quality Assurance', 'Investment', 'Management', 'Content', 'Junior', 'Health', 'Recruitment']",1yr
DevOps Engineer,3MotionAI,https://remoteok.com/remote-jobs/remote-devops-engineer-3motionai-799334,"🇨🇦 Canada, 🇺🇸 United States, 🌏 Worldwide, 💰 $80k - $120k, ⏰ Part time",,,True,"['Senior', 'DevOps', 'Devsecops']",1yr
Senior Frontend Developer,3MotionAI,https://remoteok.com/remote-jobs/remote-senior-frontend-developer-3motionai-799331,"🇨🇦 Canada, 🇺🇸 United States, 🌏 Worldwide",80000.0,120000.0,True,"['Senior', 'JavaScript', 'Angular', 'React']",1yr
Intermediate Software Developer Clinical Group,Jane Software,https://remoteok.com/remote-jobs/remote-intermediate-software-developer-clinical-group-jane-software-797888,🇨🇦 Canada,70000.0,115000.0,False,"['Developer', 'Software', 'Design', 'Front-End', 'Back-End', 'Full-Stack', 'Technical', 'Support', 'Growth', 'Manager', 'Typescript', 'Ruby', 'Rails', 'API', 'Management', 'Operational', 'Health', 'Healthcare', 'Engineering']",1yr
Senior Software Developer Clinical Group,Jane Software,https://remoteok.com/remote-jobs/remote-senior-software-developer-clinical-group-jane-software-797821,🇨🇦 Canada,65000.0,113000.0,False,"['Developer', 'Software', 'Design', 'Front-End', 'Back-End', 'Full-Stack', 'Technical', 'Support', 'Growth', 'Voice', 'Manager', 'Typescript', 'Ruby', 'Rails', 'API', 'Management', 'Senior', 'Operational', 'Health', 'Healthcare', 'Engineering']",1yr
Senior iOS Developer,3MotionAI,https://remoteok.com/remote-jobs/remote-senior-ios-developer-3motionai-797407,"🇨🇦 Canada, 🇺🇸 United States, 🌏 Worldwide",80000.0,120000.0,True,"['Senior', 'Swift']",1yr
People & Culture Generalist,Coconut Software,https://remoteok.com/remote-jobs/remote-people-culture-generalist-coconut-software-785706,🌏 Probably worldwide,70000.0,115000.0,False,"['HR', 'System', 'Training', 'Support', 'Software', 'Manager', 'Administrator', 'Management', 'Content', 'Marketing', 'Health', 'Recruitment', 'Branding']",1yr
Software Team Lead,Revelator,https://remoteok.com/remote-jobs/remote-software-team-lead-revelator-778059,"🇪🇺 Europe, 🇬🇧 United Kingdom, 🇿🇦 South Africa",90000.0,120000.0,True,"['Tech Lead', 'Net Core']",1yr
Account Management Executive,Igloo Software,https://remoteok.com/remote-jobs/remote-account-management-executive-igloo-software-770050,"🌎 North America, 🌏 Worldwide",65000.0,120000.0,False,"['Design', 'SaaS', 'System', 'Training', 'Technical', 'Support', 'Director', 'Travel', 'Investment', 'Leader', 'Strategy', 'Management', 'Lead', 'Content', 'Sales', 'Health', 'Executive']",1yr
Developer,Transax,https://remoteok.com/remote-jobs/remote-developer-transax-698809,🌏 Worldwide,50000.0,100000.0,True,"['PHP', 'Laravel', 'AWS', 'Vue']",1yr
Rails Frontend & Backend Wizard,VIVA,https://remoteok.com/remote-jobs/remote-rails-frontend-backend-wizard-viva-680612,🌏 Worldwide,60000.0,100000.0,False,"['JavaScript', 'Backend', 'Front End', 'Ruby', 'Tailwind']",1yr
Software Development Engineer Test,BrowserStack Software Private Limited,https://remoteok.com/remote-jobs/remote-software-development-engineer-test-browserstack-software-private-limited-717095,Mumbai,55000.0,108000.0,False,"['Software', 'Test', 'Technical', 'Testing', 'Quality Assurance', 'Node JS', 'Cloud', 'Ruby', 'Mobile', 'Engineer', 'Engineering']",1yr
Senior Data Engineer,Alqen,https://remoteok.com/remote-jobs/remote-senior-data-engineer-alqen-664520,🌏 Worldwide,10000.0,30000.0,False,"['Backend', 'Engineer', 'DataOps', 'Databases', 'Data Science', 'Data Processing', 'Data Structures', 'Database Admin']",1yr
Founding AI Engineer,Dimension,https://remoteok.com/remote-jobs/remote-founding-ai-engineer-dimension-701467,"🇪🇺 Europe, 🌎 North America",110000.0,160000.0,True,"['Senior', 'Machine Learning', 'Deep Learning', 'AI', 'Artificial Intelligence', 'Neural Networks', 'Artificial Intelligence']",1yr
Senior Front End Angular Developer,Revelator,https://remoteok.com/remote-jobs/remote-senior-front-end-angular-developer-revelator-701355,"🇪🇺 Europe, 🇿🇦 South Africa",60000.0,70000.0,True,"['JavaScript', 'Angular', 'Front End']",1yr
Developer,VIVA,https://remoteok.com/remote-jobs/remote-developer-viva-687315,🌏 Worldwide,60000.0,100000.0,False,"['JavaScript', 'Backend', 'Front End', 'Ruby', 'Tailwind']",1yr
Senior Developer,CoLab Software,https://remoteok.com/remote-jobs/remote-senior-developer-colab-software-687058,🇨🇦 Canada,100000.0,120000.0,True,['Senior'],1yr
Senior Product Engineer,Plain,https://remoteok.com/remote-jobs/remote-senior-product-engineer-plain-675546,🇪🇺 Europe,90000.0,140000.0,True,"['Backend', 'Engineer']",1yr
Senior Software Developer Payroll & Compensation,Jane Software,https://remoteok.com/remote-jobs/remote-senior-software-developer-payroll-compensation-jane-software-680054,🇨🇦 Canada,70000.0,110000.0,False,"['Developer', 'Software', 'Payroll', 'Design', 'Python', 'Full-Stack', 'Technical', 'Support', 'Growth', 'Voice', 'Manager', 'Financial', 'Ruby', 'Management', 'Lead', 'Senior', 'Reliability', 'Health', 'Healthcare', 'Engineering']",1yr
Senior System Engineer,Razorpay Software Private Limited,https://remoteok.com/remote-jobs/remote-senior-system-engineer-razorpay-software-private-limited-671864,🌏 Probably worldwide,60000.0,110000.0,False,"['System', 'macOS', 'Training', 'Technical', 'Support', 'Cloud', 'Microsoft', 'Mobile', 'Management', 'Senior', 'Operational', 'Engineer']",1yr
